sec_com,var_root,sum,mean,weighted_mean,weight_var,manual_add,checked
sectors,AC_TOE,1,0,0,,1,0
sectors,ADJUST_IA_IA1,0,1,0,,1,0
sectors,ADJUST_IA_KN,0,1,0,,1,0
sectors,ADJUST_IA_SUBST,0,1,0,,1,0
sectors,ADJUST_IA_YE,0,1,0,,1,0
sectors,ADJUST_MARKUP,0,1,0,,1,0
sectors,ADJUST_PEE_PE1,0,1,0,,1,0
sectors,ADJUST_W_W1,0,1,0,,1,0
sectors,ADJUST_W_W1WN1,0,1,0,,1,0
sectors,ADJUST_W_WN,0,1,0,,1,0
sectors,ADJUST_YCAP_Y,0,1,0,,1,0
sectors,ADJUST_YE_Y,0,1,0,,1,0
sectors,ADJUST0_CH,0,1,0,,1,0
sectors,ADJUST0_F_E,0,1,0,,1,0
sectors,ADJUST0_F_L,0,1,0,,1,0
sectors,ADJUST0_F_MAT,0,1,0,,1,0
sectors,ADJUST0_PY,0,1,0,,1,0
sectors,ADJUST1_F_E,0,1,0,,1,0
sectors,ADJUST1_F_L,0,1,0,,1,0
sectors,ADJUST1_F_MAT,0,1,0,,1,0
sectors,ADJUST1_PY,0,1,0,,1,0
sectors,ADJUST2_F_E,0,1,0,,1,0
sectors,ADJUST2_F_L,0,1,0,,1,0
sectors,ADJUST2_F_MAT,0,1,0,,1,0
sectors,ADJUST2_PY,0,1,0,,1,0
sectors,ADJUST3_F_E,0,1,0,,1,0
sectors,ADJUST3_F_L,0,1,0,,1,0
sectors,ADJUST3_F_MAT,0,1,0,,1,0
sectors,ADJUST3_PY,0,1,0,,1,0
sectors,ADJUST6_CI,0,1,0,,1,0
sectors,ADJUST6_CIM,0,1,0,,1,0
sectors,ADJUST6_F_E,0,1,0,,1,0
sectors,ADJUST6_F_K,0,1,0,,1,0
sectors,ADJUST6_F_L,0,1,0,,1,0
sectors,ADJUST6_F_MAT,0,1,0,,1,0
sectors,ADJUST6_IM,0,1,0,,1,0
sectors,C_E,0,0,1,F_E,1,0
sectors,C_K,0,0,1,F_K,1,0
sectors,C_L,0,0,1,F_L,1,0
sectors,C_MAT,0,0,1,F_MAT,1,0
sectors,CBIS_E,0,1,0,,1,0
sectors,CI,1,0,0,,1,0
sectors,CI_TOE,1,0,0,,1,0
sectors,CID,1,0,0,,1,0
sectors,CIM,1,0,0,,1,0
sectors,CU,0,0,1,Y,1,0
sectors,CU_N,0,0,1,Y,1,0
sectors,CUR,0,0,1,YCAP,1,0
sectors,DLY_TOE,1,0,0,,1,0
sectors,EMS,1,0,0,,1,0
sectors,EMS_CI,1,0,0,,1,0
sectors,EMS_CI_CH4,1,0,0,,1,0
sectors,EMS_CI_CO2,1,0,0,,1,0
sectors,EMS_CI_N2O,1,0,0,,1,0
sectors,EMS_CI_HFC,1,0,0,,1,0
sectors,EMS_CI_PFC,1,0,0,,1,0
sectors,EMS_CI_SF6,1,0,0,,1,0
sectors,EMS_MAT,1,0,0,,1,0
sectors,EMS_MAT_CH4,1,0,0,,1,0
sectors,EMS_MAT_CO2,1,0,0,,1,0
sectors,EMS_MAT_HFC,1,0,0,,1,0
sectors,EMS_MAT_N2O,1,0,0,,1,0
sectors,EMS_MAT_PFC,1,0,0,,1,0
sectors,EMS_MAT_SF6,1,0,0,,1,0
sectors,EMS_Y,1,0,0,,1,0
sectors,EMS_Y_CH4,1,0,0,,1,0
sectors,EMS_Y_CO2,1,0,0,,1,0
sectors,EMS_Y_HFC,1,0,0,,1,0
sectors,EMS_Y_N2O,1,0,0,,1,0
sectors,EMS_Y_PFC,1,0,0,,1,0
sectors,EMS_Y_SF6,1,0,0,,1,0
sectors,ES_CIM,0,0,1,CIM,1,0
sectors,ES_E_E,0,0,1,F_E_E,1,0
sectors,ES_E_K,0,0,1,F_K,1,0
sectors,ES_E_L,0,0,1,F_E_L,1,0
sectors,ES_E_MAT,0,0,1,F_E_MAT,1,0
sectors,ES_IM,0,0,1,IM,1,0
sectors,ES_K_E,0,0,1,F_K,1,0
sectors,ES_K_K,0,0,1,F_K,1,0
sectors,ES_K_L,0,0,1,F_K,1,0
sectors,ES_K_MAT,0,0,1,F_K,1,0
sectors,ES_L_E,0,0,1,F_E_L,1,0
sectors,ES_L_K,0,0,1,F_K,1,0
sectors,ES_L_L,0,0,1,F_L,1,0
sectors,ES_L_MAT,0,0,1,F_L,1,0
sectors,ES_MAT_E,0,0,1,F_E_MAT,1,0
sectors,ES_MAT_K,0,0,1,F_K,1,0
sectors,ES_MAT_L,0,0,1,F_L,1,0
sectors,ES_MAT_MAT,0,0,1,F_MAT,1,0
sectors,ES_NEST_K_E,0,1,0,,1,0
sectors,ES_NEST_KE_L,0,1,0,,1,0
sectors,ES_NEST_MAT_KEL,0,1,0,,1,0
sectors,ES_NRJ,0,1,0,,1,0
sectors,ES_TRSP,0,1,0,,1,0
sectors,F_E,1,0,0,,1,0
sectors,F_E_E,1,0,0,,1,0
sectors,F_E_L,1,0,0,,1,0
sectors,F_E_MAT,1,0,0,,1,0
sectors,F_K,1,0,0,,1,0
sectors,F_L,1,0,0,,1,0
sectors,F_MAT,1,0,0,,1,0
sectors,F_N_E,1,0,0,,1,0
sectors,F_N_K,1,0,0,,1,0
sectors,F_N_L,1,0,0,,1,0
sectors,F_N_MAT,1,0,0,,1,0
sectors,GOS,1,0,0,,1,0
sectors,GOS_VAL,1,0,0,,1,0
sectors,GR_PROG_E,0,1,0,,1,0
sectors,GR_PROG_K,0,1,0,,1,0
sectors,GR_PROG_L,0,1,0,,1,0
sectors,GR_PROG_MAT,0,1,0,,1,0
sectors,I,1,0,0,,1,0
sectors,IA,1,0,0,,1,0
sectors,ID,1,0,0,,1,0
sectors,IEMS_CI_CH4,0,1,0,,1,0
sectors,IEMS_CI_CO2,0,1,0,,1,0
sectors,IEMS_CI_N2O,0,1,0,,1,0
sectors,IEMS_MAT_CH4,0,1,0,,1,0
sectors,IEMS_MAT_CO2,0,1,0,,1,0
sectors,IEMS_MAT_HFC,0,1,0,,1,0
sectors,IEMS_MAT_N2O,0,1,0,,1,0
sectors,IEMS_MAT_PFC,0,1,0,,1,0
sectors,IEMS_MAT_SF6,0,1,0,,1,0
sectors,IEMS_Y_CH4,0,1,0,,1,0
sectors,IEMS_Y_CO2,0,1,0,,1,0
sectors,IEMS_Y_HFC,0,1,0,,1,0
sectors,IEMS_Y_N2O,0,1,0,,1,0
sectors,IEMS_Y_PFC,0,1,0,,1,0
sectors,IEMS_Y_SF6,0,1,0,,1,0
sectors,IM,1,0,0,,1,0
sectors,MARKUP,0,0,1,C_n_VAL,1,0
sectors,MARKUP_N,0,0,1,C_n_VAL,1,0
sectors,MARKUP_N2,0,0,1,C_n_VAL,1,0
sectors,NOS,1,0,0,,1,0
sectors,NOS_VAL,1,0,0,,1,0
sectors,NTAXS,1,0,0,,1,0
sectors,NTAXS_VAL,1,0,0,,1,0
sectors,PCI,0,0,1,CI,1,0
sectors,PCID,0,0,1,CID,1,0
sectors,PCIM,0,0,1,CIM,1,0
sectors,PE,0,0,1,F_E,1,0
sectors,PE_E,0,0,1,F_E_E,1,0
sectors,PHI_CIM,0,1,0,,1,0
sectors,PHI_E,0,1,0,,1,0
sectors,PHI_IM,0,1,0,,1,0
sectors,PHI_K,0,1,0,,1,0
sectors,PHI_L,0,1,0,,1,0
sectors,PHI_MAT,0,1,0,,1,0
sectors,PHI_TRSP,0,1,0,,1,0
sectors,PHIY,0,1,0,,1,0
sectors,PHIY_TOE,0,1,0,,1,0
sectors,PI,0,0,1,I,1,0
sectors,PID,0,0,1,ID,1,0
sectors,PIM,0,0,1,IM,1,0
sectors,PK,0,0,1,F_K,1,0
sectors,PMAT,0,0,1,F_MAT,1,0
sectors,PROG_E,0,1,0,,1,0
sectors,PROG_K,0,1,0,,1,0
sectors,PROG_L,0,1,0,,1,0
sectors,PROG_MAT,0,1,0,,1,0
sectors,PRSC,0,0,1,RSC,1,0
sectors,PWAGES,0,0,1,F_L,1,0
sectors,PY,0,0,1,Y,1,0
sectors,PY_E,0,0,1,Y_E,1,0
sectors,PY_N,0,0,1,Y,1,0
sectors,R,0,1,0,,1,0
sectors,R2_CI_CH4,0,0,1,EMS_CI_CH4,1,0
sectors,R2_CI_CO2,0,0,1,EMS_CI_CO2,1,0
sectors,R2_CI_N2O,0,0,1,EMS_CI_N2O,1,0
sectors,R2_MAT_CH4,0,0,1,EMS_MAT_CH4,1,0
sectors,R2_MAT_CO2,0,0,1,EMS_MAT_CO2,1,0
sectors,R2_MAT_HFC,0,0,1,EMS_MAT_HFC,1,0
sectors,R2_MAT_N2O,0,0,1,EMS_MAT_N2O,1,0
sectors,R2_MAT_PFC,0,0,1,EMS_MAT_PFC,1,0
sectors,R2_MAT_SF6,0,0,1,EMS_MAT_SF6,1,0
sectors,R2_Y_CH4,0,0,1,EMS_Y_CH4,1,0
sectors,R2_Y_CO2,0,0,1,EMS_Y_CO2,1,0
sectors,R2_Y_HFC,0,0,1,EMS_Y_HFC,1,0
sectors,R2_Y_N2O,0,0,1,EMS_Y_N2O,1,0
sectors,R2_Y_PFC,0,0,1,EMS_Y_PFC,1,0
sectors,R2_Y_SF6,0,0,1,EMS_Y_SF6,1,0
sectors,RDEP,0,1,0,,1,0
sectors,RHO_CONS_U,0,1,0,,1,0
sectors,RHO_W,0,1,0,,1,0
sectors,RHO_W_DU,0,1,0,,1,0
sectors,RHO_W_L,0,1,0,,1,0
sectors,RHO_W_P,0,1,0,,1,0
sectors,RHO_W_PE,0,1,0,,1,0
sectors,RHO_W_PROG,0,1,0,,1,0
sectors,RHO_W_U,0,1,0,,1,0
sectors,RNTAXS,0,1,0,,1,0
sectors,RRSC,0,1,0,,1,0
sectors,RRSC_EF,0,1,0,,1,0
sectors,RSC,1,0,0,,1,0
sectors,SUBST_CI,0,1,0,,1,0
sectors,SUBST_CI_N,0,1,0,,1,0
sectors,SUBST_CIM,0,1,0,,1,0
sectors,SUBST_CIM_N,0,1,0,,1,0
sectors,SUBST_F_E,0,1,0,,1,0
sectors,SUBST_F_K,0,1,0,,1,0
sectors,SUBST_F_L,0,1,0,,1,0
sectors,SUBST_F_MAT,0,1,0,,1,0
sectors,SUBST_F_N_E,0,1,0,,1,0
sectors,SUBST_F_N_K,0,1,0,,1,0
sectors,SUBST_F_N_L,0,1,0,,1,0
sectors,SUBST_F_N_MAT,0,1,0,,1,0
sectors,SUBST_IM,0,1,0,,1,0
sectors,SUBST_IM_N,0,1,0,,1,0
sectors,T2_CI_CH4,0,1,0,,1,0
sectors,T2_CI_CO2,0,1,0,,1,0
sectors,T2_CI_HFC,0,1,0,,1,0
sectors,T2_CI_N2O,0,1,0,,1,0
sectors,T2_CI_PFC,0,1,0,,1,0
sectors,T2_CI_SF6,0,1,0,,1,0
sectors,T2_MAT,0,1,0,,1,0
sectors,T2_MAT_CH4,0,1,0,,1,0
sectors,T2_MAT_CO2,0,1,0,,1,0
sectors,T2_MAT_HFC,0,1,0,,1,0
sectors,T2_MAT_N2O,0,1,0,,1,0
sectors,T2_MAT_PFC,0,1,0,,1,0
sectors,T2_MAT_SF6,0,1,0,,1,0
sectors,T2_Y,0,1,0,,1,0
sectors,T2_Y_CH4,0,1,0,,1,0
sectors,T2_Y_CO2,0,1,0,,1,0
sectors,T2_Y_HFC,0,1,0,,1,0
sectors,T2_Y_N2O,0,1,0,,1,0
sectors,T2_Y_PFC,0,1,0,,1,0
sectors,T2_Y_SF6,0,1,0,,1,0
sectors,T2VAL_CI,0,1,0,,1,0
sectors,T2VAL_CI_CH4,0,1,0,,1,0
sectors,T2VAL_CI_CO2,0,1,0,,1,0
sectors,T2VAL_CI_HFC,0,1,0,,1,0
sectors,T2VAL_CI_N2O,0,1,0,,1,0
sectors,T2VAL_CI_PFC,0,1,0,,1,0
sectors,T2VAL_CI_SF6,0,1,0,,1,0
sectors,T2VAL_MAT,0,1,0,,1,0
sectors,T2VAL_MAT_CH4,0,1,0,,1,0
sectors,T2VAL_MAT_CO2,0,1,0,,1,0
sectors,T2VAL_MAT_HFC,0,1,0,,1,0
sectors,T2VAL_MAT_N2O,0,1,0,,1,0
sectors,T2VAL_MAT_PFC,0,1,0,,1,0
sectors,T2VAL_MAT_SF6,0,1,0,,1,0
sectors,T2VAL_SEC,0,1,0,,1,0
sectors,T2VAL_Y,0,1,0,,1,0
sectors,T2VAL_Y_CH4,0,1,0,,1,0
sectors,T2VAL_Y_CO2,0,1,0,,1,0
sectors,T2VAL_Y_HFC,0,1,0,,1,0
sectors,T2VAL_Y_N2O,0,1,0,,1,0
sectors,T2VAL_Y_PFC,0,1,0,,1,0
sectors,T2VAL_Y_SF6,0,1,0,,1,0
sectors,TRSP,1,0,0,,1,0
sectors,VA,1,0,0,,1,0
sectors,VA_VAL,1,0,0,,1,0
sectors,W,0,0,1,F_L,1,0
sectors,W_N,0,0,1,F_L,1,0
sectors,WAGES,0,0,1,F_L,1,0
sectors,Y,1,0,0,,1,0
sectors,Y_E,1,0,0,,1,0
sectors,Y_TOE,1,0,0,,1,0
sectors,YCAP,1,0,0,,1,0
sectors,YG_TOE,1,0,0,,1,0
sectors,ADJUST1_F_K,0,1,0,,0,0
sectors,ADJUST2_F_K,0,1,0,,0,0
sectors,ADJUST3_F_K,0,1,0,,0,0
sectors,C_N_VAL,1,0,0,,0,0
sectors,DLM_TOE,1,0,0,,0,0
sectors,ES_ACT_E_E,0,0,1,F_E_E,0,0
sectors,ES_ACT_E_K,0,0,1,F_K,0,0
sectors,ES_ACT_E_L,0,0,1,F_E_L,0,0
sectors,ES_ACT_E_MAT,0,0,1,F_E_MAT,0,0
sectors,ES_ACT_K_E,0,0,1,F_K,0,0
sectors,ES_ACT_K_K,0,0,1,F_K,0,0
sectors,ES_ACT_K_L,0,0,1,F_K,0,0
sectors,ES_ACT_K_MAT,0,0,1,F_K,0,0
sectors,ES_ACT_L_E,0,0,1,F_E_L,0,0
sectors,ES_ACT_L_K,0,0,1,F_K,0,0
sectors,ES_ACT_L_L,0,0,1,F_L,0,0
sectors,ES_ACT_L_MAT,0,0,1,F_L,0,0
sectors,ES_ACT_MAT_E,0,0,1,F_E_MAT,0,0
sectors,ES_ACT_MAT_K,0,0,1,F_K,0,0
sectors,ES_ACT_MAT_L,0,0,1,F_L,0,0
sectors,ES_ACT_MAT_MAT,0,0,1,F_MAT,0,0
sectors,ETS,1,0,0,,0,0
sectors,ETS_FREE,1,0,0,,0,0
sectors,ETS_FREE_VAL,1,0,0,,0,0
sectors,ETS_VAL,1,0,0,,0,0
sectors,F_E_K,1,0,0,,0,0
sectors,GR_PROG_BASE_E,0,1,0,,0,0
sectors,GR_PROG_BASE_K,0,1,0,,0,0
sectors,GR_PROG_BASE_L,0,1,0,,0,0
sectors,GR_PROG_BASE_MAT,0,1,0,,0,0
sectors,GR_PROG_ENDO_E,0,1,0,,0,0
sectors,GR_PROG_ENDO_K,0,1,0,,0,0
sectors,GR_PROG_ENDO_L,0,1,0,,0,0
sectors,GR_PROG_ENDO_MAT,0,1,0,,0,0
sectors,GR_PROG_EXO_E,0,1,0,,0,0
sectors,GR_PROG_EXO_K,0,1,0,,0,0
sectors,GR_PROG_EXO_L,0,1,0,,0,0
sectors,GR_PROG_EXO_MAT,0,1,0,,0,0
sectors,GR_PROG_FIT_E,0,1,0,,0,0
sectors,GR_PROG_FIT_K,0,1,0,,0,0
sectors,GR_PROG_FIT_L,0,1,0,,0,0
sectors,GR_PROG_FIT_MAT,0,1,0,,0,0
sectors,GR_PROG_SHOCK_E,0,1,0,,0,0
sectors,GR_PROG_SHOCK_K,0,1,0,,0,0
sectors,GR_PROG_SHOCK_L,0,1,0,,0,0
sectors,GR_PROG_SHOCK_MAT,0,1,0,,0,0
sectors,GR_PROG_STEADY_E,0,1,0,,0,0
sectors,GR_PROG_STEADY_K,0,1,0,,0,0
sectors,GR_PROG_STEADY_L,0,1,0,,0,0
sectors,GR_PROG_STEADY_MAT,0,1,0,,0,0
sectors,IA_E,1,0,0,,0,0
sectors,IA_N,1,0,0,,0,0
sectors,IEMS_CI_HFC,0,1,0,,0,0
sectors,IEMS_CI_PFC,0,1,0,,0,0
sectors,IEMS_CI_SF6,0,1,0,,0,0
sectors,NTAXCID,1,0,0,,0,0
sectors,NTAXCID_VAL,1,0,0,,0,0
sectors,NTAXCIM,1,0,0,,0,0
sectors,NTAXCIM_VAL,1,0,0,,0,0
sectors,PCIBIS,0,0,1,CI,0,0
sectors,PY_TOE,0,0,1,Y_TOE,0,0
sectors,R2_CI_HFC,0,0,1,EMS_CI_HFC,0,0
sectors,R2_CI_PFC,0,0,1,EMS_CI_PFC,0,0
sectors,R2_CI_SF6,0,0,1,EMS_CI_SF6,0,0
sectors,RHO_CSTANT_U,0,1,0,,0,0
sectors,RHO_W_CSTANT,0,1,0,,0,0
sectors,RNTAXCID,0,0,1,CID,0,0
sectors,RNTAXCID_OTH,0,0,1,CID,0,0
sectors,RNTAXCIM,0,0,1,CIM,0,0
sectors,RNTAXCIM_OTH,0,0,1,CIM,0,0
sectors,R_MARGIN,0,0,1,VA,0,0
sectors,SHARE_ETS,0,0,1,EMS,0,0
sectors,SHARE_FREE,0,0,1,ETS,0,0
sectors,SUBST_E,0,1,0,,0,0
sectors,SUBST_IA,0,1,0,,0,0
sectors,SUBST_K,0,1,0,,0,0
sectors,SUBST_L,0,1,0,,0,0
sectors,SUBST_MAT,0,1,0,,0,0
sectors,VERIF_PHIY,0,1,0,,0,0
sectors,VERIF_PHI_E,0,1,0,,0,0
sectors,VERIF_PHI_F,0,1,0,,0,0
sectors,VERIF_PHI_TRSP,0,1,0,,0,0
sectors,W_E,0,0,1,F_L,0,0
commodities,AC_TOE,1,0,0,,1,0
commodities,ADJUST0_CH,0,1,0,,1,0
commodities,ADJUST1_CH,0,1,0,,1,0
commodities,ADJUST2_CH,0,1,0,,1,0
commodities,ADJUST3_CH,0,1,0,,1,0
commodities,ADJUST6_CHM,0,1,0,,1,0
commodities,ADJUST6_CI,0,1,0,,1,0
commodities,ADJUST6_CIM,0,1,0,,1,0
commodities,ADJUST6_GM,0,1,0,,1,0
commodities,ADJUST6_IM,0,1,0,,1,0
commodities,ADJUST6_MGSM,0,1,0,,1,0
commodities,ADJUST6_X,0,1,0,,1,0
commodities,ADJUST6_XM,0,1,0,,1,0
commodities,BAL_TRADE_VAL,1,0,0,,1,0
commodities,CH,1,0,0,,1,0
commodities,CH_E,1,0,0,,1,0
commodities,CH_N,1,0,0,,1,0
commodities,CH_TOE,1,0,0,,1,0
commodities,CHD,1,0,0,,1,0
commodities,CHM,1,0,0,,1,0
commodities,CI,1,0,0,,1,0
commodities,CI_TOE,1,0,0,,1,0
commodities,CID,1,0,0,,1,0
commodities,CIM,1,0,0,,1,0
commodities,DL_TOE,1,0,0,,1,0
commodities,DLM_TOE,1,0,0,,1,0
commodities,DLY_TOE,1,0,0,,1,0
commodities,DS,1,0,0,,1,0
commodities,DSD,1,0,0,,1,0
commodities,DSM,1,0,0,,1,0
commodities,EMS,1,0,0,,1,0
commodities,EMS_CH,1,0,0,,1,0
commodities,EMS_CH_CH4,1,0,0,,1,0
commodities,EMS_CH_CO2,1,0,0,,1,0
commodities,EMS_CH_HFC,1,0,0,,1,0
commodities,EMS_CH_N2O,1,0,0,,1,0
commodities,EMS_CH_PFC,1,0,0,,1,0
commodities,EMS_CH_SF6,1,0,0,,1,0
commodities,EMS_CH4,1,0,0,,1,0
commodities,EMS_CI,1,0,0,,1,0
commodities,EMS_CI_CH4,1,0,0,,1,0
commodities,EMS_CI_CO2,1,0,0,,1,0
commodities,EMS_CI_HFC,1,0,0,,1,0
commodities,EMS_CI_N2O,1,0,0,,1,0
commodities,EMS_CI_PFC,1,0,0,,1,0
commodities,EMS_CI_SF6,1,0,0,,1,0
commodities,EMS_CO2,1,0,0,,1,0
commodities,EMS_HFC,1,0,0,,1,0
commodities,EMS_N2O,1,0,0,,1,0
commodities,EMS_PFC,1,0,0,,1,0
commodities,EMS_SF6,1,0,0,,1,0
commodities,EMSBIS,1,0,0,,1,0
commodities,ES_CHM,0,0,1,CHM,1,0
commodities,ES_CIM,0,0,1,CIM,1,0
commodities,ES_GM,0,0,1,GM,1,0
commodities,ES_IM,0,0,1,IM,1,0
commodities,ES_MGSM,0,0,1,MGSM,1,0
commodities,ES_X,0,0,1,X,1,0
commodities,ES_XM,0,0,1,XM,1,0
commodities,G,1,0,0,,1,0
commodities,GD,1,0,0,,1,0
commodities,GDP,1,0,0,,1,0
commodities,GM,1,0,0,,1,0
commodities,I,1,0,0,,1,0
commodities,ID,1,0,0,,1,0
commodities,IEMS_CH_CH4,0,1,0,,1,0
commodities,IEMS_CH_CO2,0,1,0,,1,0
commodities,IEMS_CH_HFC,0,1,0,,1,0
commodities,IEMS_CH_N2O,0,1,0,,1,0
commodities,IEMS_CH_PFC,0,1,0,,1,0
commodities,IEMS_CH_SF6,0,1,0,,1,0
commodities,IEMS_CI_CH4,0,1,0,,1,0
commodities,IEMS_CI_CO2,0,1,0,,1,0
commodities,IEMS_CI_N2O,0,1,0,,1,0
commodities,IM,1,0,0,,1,0
commodities,M,1,0,0,,1,0
commodities,M_TOE,1,0,0,,1,0
commodities,MARKUP,0,0,1,Q,1,0
commodities,MBIS,1,0,0,,1,0
commodities,MG_TOE,1,0,0,,1,0
commodities,MGPD,1,0,0,,1,0
commodities,MGPM,1,0,0,,1,0
commodities,MGS,1,0,0,,1,0
commodities,MGSBIS,1,0,0,,1,0
commodities,MGSD,1,0,0,,1,0
commodities,MGSM,1,0,0,,1,0
commodities,MS,1,0,0,,1,0
commodities,MSBVAT,1,0,0,,1,0
commodities,NCH,1,0,0,,1,0
commodities,NTAXC,1,0,0,,1,0
commodities,NTAXC_VAL,1,0,0,,1,0
commodities,NTAXCD,1,0,0,,1,0
commodities,NTAXCD_VAL,1,0,0,,1,0
commodities,NTAXCM,1,0,0,,1,0
commodities,NTAXCM_VAL,1,0,0,,1,0
commodities,OTHCTD,1,0,0,,1,0
commodities,OTHCTM,1,0,0,,1,0
commodities,PCH,0,0,1,CH,1,0
commodities,PCHD,0,0,1,CHD,1,0
commodities,PCHM,0,0,1,CHM,1,0
commodities,PCI,0,0,1,CI,1,0
commodities,PCID,0,0,1,CID,1,0
commodities,PCIM,0,0,1,CIM,1,0
commodities,PDS,0,0,1,DS,1,0
commodities,PDSD,0,0,1,DSD,1,0
commodities,PDSM,0,0,1,DSM,1,0
commodities,PG,0,0,1,G,1,0
commodities,PGD,0,0,1,GD,1,0
commodities,PGDP,0,0,1,GD,1,0
commodities,PGM,0,0,1,GM,1,0
commodities,PHI_CH,0,1,0,,1,0
commodities,PHI_CHM,0,1,0,,1,0
commodities,PHI_CIM,0,1,0,,1,0
commodities,PHI_E,0,1,0,,1,0
commodities,PHI_GM,0,1,0,,1,0
commodities,PHI_IM,0,1,0,,1,0
commodities,PHI_MCH,0,1,0,,1,0
commodities,PHI_MGSM,0,1,0,,1,0
commodities,PHI_TRSP,0,1,0,,1,0
commodities,PHI_XM,0,1,0,,1,0
commodities,PHIY,0,1,0,,1,0
commodities,PHIY_TOE,0,1,0,,1,0
commodities,PI,0,0,1,I,1,0
commodities,PID,0,0,1,ID,1,0
commodities,PIM,0,0,1,IM,1,0
commodities,PM,0,0,1,M,1,0
commodities,PMBIS,0,0,1,MBIS,1,0
commodities,PMGPD,0,0,1,QD,0,0
commodities,PMGPM,0,0,1,QM,0,0
commodities,PMGS,0,0,1,Q,0,0
commodities,PMGSBIS,0,0,1,Q,0,0
commodities,PMGSD,0,0,1,QD,0,0
commodities,PMGSM,0,0,1,QM,0,0
commodities,PMS,0,0,1,MS,1,0
commodities,PMSBVAT,0,0,1,MS,0,0
commodities,PNCH,0,0,1,NCH,1,0
commodities,POTHCTD,0,0,1,QD,0,0
commodities,POTHCTM,0,0,1,QM,0,0
commodities,PQ,0,0,1,Q,1,0
commodities,PQD,0,0,1,QD,1,0
commodities,PQM,0,0,1,QM,1,0
commodities,PSUBCD,0,0,1,QD,0,0
commodities,PSUBCM,0,0,1,QM,0,0
commodities,PVATD,0,0,1,VATD,1,0
commodities,PVATM,0,0,1,VATM,1,0
commodities,PWD,0,0,1,WD,1,0
commodities,PX,0,0,1,X,1,0
commodities,PXD,0,0,1,XD,1,0
commodities,PXM,0,0,1,XM,1,0
commodities,PYQ,0,0,1,YQ,1,0
commodities,PYQBIS,0,0,1,YQBIS,1,0
commodities,PYQS,0,0,1,YQS,1,0
commodities,PYQSBVAT,0,0,1,YQS,0,0
commodities,Q,1,0,0,,1,0
commodities,QD,1,0,0,,1,0
commodities,QM,1,0,0,,1,0
commodities,R2_CH_CH4,0,0,1,EMS_CH_CH4,1,0
commodities,R2_CH_CO2,0,0,1,EMS_CH_CO2,1,0
commodities,R2_CH_HFC,0,0,1,EMS_CH_HFC,1,0
commodities,R2_CH_N2O,0,0,1,EMS_CH_N2O,1,0
commodities,R2_CH_PFC,0,0,1,EMS_CH_PFC,1,0
commodities,R2_CH_SF6,0,0,1,EMS_CH_SF6,1,0
commodities,R2_CI_CH4,0,0,1,EMS_CI_CH4,1,0
commodities,R2_CI_CO2,0,0,1,EMS_CI_CO2,1,0
commodities,R2_CI_N2O,0,0,1,EMS_CI_N2O,1,0
commodities,RAC_TOE,0,0,1,AC_TOE,1,0
commodities,RDLY_TOE,0,0,1,DLY_TOE,1,0
commodities,RNTAXCD,0,0,1,NTAXCD,1,0
commodities,RNTAXCM,0,0,1,NTAXCM,1,0
commodities,ROTHCTD,0,0,1,OTHCTD,1,0
commodities,ROTHCTM,0,0,1,OTHCTM,1,0
commodities,RSUBCD,0,0,1,SUBCD,1,0
commodities,RVATD,0,0,1,VATD,1,0
commodities,RVATM,0,0,1,VATM,1,0
commodities,RY_TOE,0,0,1,Y_TOE,1,0
commodities,SUBCD,1,0,0,,1,0
commodities,SUBCM,1,0,0,,1,0
commodities,SUBST_CHM,0,1,0,,1,0
commodities,SUBST_CHM_N,0,1,0,,1,0
commodities,SUBST_CI,0,1,0,,1,0
commodities,SUBST_CIM,0,1,0,,1,0
commodities,SUBST_CIM_N,0,1,0,,1,0
commodities,SUBST_GM,0,1,0,,1,0
commodities,SUBST_GM_N,0,1,0,,1,0
commodities,SUBST_IM,0,1,0,,1,0
commodities,SUBST_IM_N,0,1,0,,1,0
commodities,SUBST_MGSM,0,1,0,,1,0
commodities,SUBST_MGSM_N,0,1,0,,1,0
commodities,SUBST_X,0,1,0,,1,0
commodities,SUBST_X_N,0,1,0,,1,0
commodities,SUBST_XM,0,1,0,,1,0
commodities,SUBST_XM_N,0,1,0,,1,0
commodities,T2_CH,0,1,0,,1,0
commodities,T2_CH_CH4,0,1,0,,1,0
commodities,T2_CH_CO2,0,1,0,,1,0
commodities,T2_CH_HFC,0,1,0,,1,0
commodities,T2_CH_N2O,0,1,0,,1,0
commodities,T2_CH_PFC,0,1,0,,1,0
commodities,T2_CH_SF6,0,1,0,,1,0
commodities,T2_CI_CH4,0,1,0,,1,0
commodities,T2_CI_CO2,0,1,0,,1,0
commodities,T2_CI_HFC,0,1,0,,1,0
commodities,T2_CI_N2O,0,1,0,,1,0
commodities,T2_CI_PFC,0,1,0,,1,0
commodities,T2_CI_SF6,0,1,0,,1,0
commodities,T2_CID,0,1,0,,1,0
commodities,T2_CID_CH4,0,1,0,,1,0
commodities,T2_CID_CO2,0,1,0,,1,0
commodities,T2_CID_HFC,0,1,0,,1,0
commodities,T2_CID_N2O,0,1,0,,1,0
commodities,T2_CID_PFC,0,1,0,,1,0
commodities,T2_CID_SF6,0,1,0,,1,0
commodities,T2_CIM,0,1,0,,1,0
commodities,T2_CIM_CH4,0,1,0,,1,0
commodities,T2_CIM_CO2,0,1,0,,1,0
commodities,T2_CIM_HFC,0,1,0,,1,0
commodities,T2_CIM_N2O,0,1,0,,1,0
commodities,T2_CIM_PFC,0,1,0,,1,0
commodities,T2_CIM_SF6,0,1,0,,1,0
commodities,T2VAL_CH,0,1,0,,1,0
commodities,T2VAL_CH_CH4,0,1,0,,1,0
commodities,T2VAL_CH_CO2,0,1,0,,1,0
commodities,T2VAL_CH_HFC,0,1,0,,1,0
commodities,T2VAL_CH_N2O,0,1,0,,1,0
commodities,T2VAL_CH_PFC,0,1,0,,1,0
commodities,T2VAL_CH_SF6,0,1,0,,1,0
commodities,T2VAL_CI,0,1,0,,1,0
commodities,T2VAL_CI_CH4,0,1,0,,1,0
commodities,T2VAL_CI_CO2,0,1,0,,1,0
commodities,T2VAL_CI_HFC,0,1,0,,1,0
commodities,T2VAL_CI_N2O,0,1,0,,1,0
commodities,T2VAL_CI_PFC,0,1,0,,1,0
commodities,T2VAL_CI_SF6,0,1,0,,1,0
commodities,T2VAL_CID,0,1,0,,1,0
commodities,T2VAL_CID_CH4,0,1,0,,1,0
commodities,T2VAL_CID_CO2,0,1,0,,1,0
commodities,T2VAL_CID_HFC,0,1,0,,1,0
commodities,T2VAL_CID_N2O,0,1,0,,1,0
commodities,T2VAL_CID_PFC,0,1,0,,1,0
commodities,T2VAL_CID_SF6,0,1,0,,1,0
commodities,T2VAL_CIM,0,1,0,,1,0
commodities,T2VAL_CIM_CH4,0,1,0,,1,0
commodities,T2VAL_CIM_CO2,0,1,0,,1,0
commodities,T2VAL_CIM_HFC,0,1,0,,1,0
commodities,T2VAL_CIM_N2O,0,1,0,,1,0
commodities,T2VAL_CIM_PFC,0,1,0,,1,0
commodities,T2VAL_CIM_SF6,0,1,0,,1,0
commodities,VATD,1,0,0,,1,0
commodities,VATM,1,0,0,,1,0
commodities,WD,1,0,0,,1,0
commodities,X,1,0,0,,1,0
commodities,X_TOE,1,0,0,,1,0
commodities,XD,1,0,0,,1,0
commodities,XM,1,0,0,,1,0
commodities,Y,1,0,0,,1,0
commodities,Y_TOE,1,0,0,,1,0
commodities,Y_TOEBIS,1,0,0,,1,0
commodities,YG_TOE,1,0,0,,1,0
commodities,YG_TOEBIS,1,0,0,,1,0
commodities,YQ,1,0,0,,1,0
commodities,YQBIS,1,0,0,,1,0
commodities,YQS,1,0,0,,1,0
commodities,YQSBVAT,1,0,0,,1,0
commodities,BAL_TRADE,1,0,0,,0,0
commodities,CH_HOUS,1,0,0,,0,0
commodities,CH_HOUS_TOE,1,0,0,,0,0
commodities,CH_TRSP,1,0,0,,0,0
commodities,CH_TRSP_TOE,1,0,0,,0,0
commodities,DWD,0,0,1,WD_BIS,0,0
commodities,EMS_X,1,0,0,,0,0
commodities,EMS_X_CH4,1,0,0,,0,0
commodities,EMS_X_CO2,1,0,0,,0,0
commodities,EMS_X_HFC,1,0,0,,0,0
commodities,EMS_X_N2O,1,0,0,,0,0
commodities,EMS_X_PFC,1,0,0,,0,0
commodities,EMS_X_SF6,1,0,0,,0,0
commodities,ES_ACT_CHM,0,0,1,CHM,0,0
commodities,ES_ACT_GM,0,0,1,GM,0,0
commodities,ES_ACT_XM,0,0,1,XM,0,0
commodities,ES_NRJ,0,1,0,,0,0
commodities,ES_TRSP,0,1,0,,0,0
commodities,ETS,1,0,0,,0,0
commodities,ETS_FREE,1,0,0,,0,0
commodities,ETS_FREE_VAL,1,0,0,,0,0
commodities,ETS_VAL,1,0,0,,0,0
commodities,IEMS_CI_HFC,0,1,0,,0,0
commodities,IEMS_CI_PFC,0,1,0,,0,0
commodities,IEMS_CI_SF6,0,1,0,,0,0
commodities,IEMS_X_CH4,0,1,0,,0,0
commodities,IEMS_X_CO2,0,1,0,,0,0
commodities,IEMS_X_HFC,0,1,0,,0,0
commodities,IEMS_X_N2O,0,1,0,,0,0
commodities,IEMS_X_PFC,0,1,0,,0,0
commodities,IEMS_X_SF6,0,1,0,,0,0
commodities,NTAXCHD,1,0,0,,0,0
commodities,NTAXCHD_VAL,1,0,0,,0,0
commodities,NTAXCHM,1,0,0,,0,0
commodities,NTAXCHM_VAL,1,0,0,,0,0
commodities,NTAXCID,1,0,0,,0,0
commodities,NTAXCID_VAL,1,0,0,,0,0
commodities,NTAXCIM,1,0,0,,0,0
commodities,NTAXCIM_VAL,1,0,0,,0,0
commodities,NTAXDSD,1,0,0,,0,0
commodities,NTAXDSD_VAL,1,0,0,,0,0
commodities,NTAXDSM,1,0,0,,0,0
commodities,NTAXDSM_VAL,1,0,0,,0,0
commodities,NTAXGD,1,0,0,,0,0
commodities,NTAXGD_VAL,1,0,0,,0,0
commodities,NTAXGM,1,0,0,,0,0
commodities,NTAXGM_VAL,1,0,0,,0,0
commodities,NTAXID,1,0,0,,0,0
commodities,NTAXID_VAL,1,0,0,,0,0
commodities,NTAXIM,1,0,0,,0,0
commodities,NTAXIM_VAL,1,0,0,,0,0
commodities,NTAXXD,1,0,0,,0,0
commodities,NTAXXD_VAL,1,0,0,,0,0
commodities,NTAXXM,1,0,0,,0,0
commodities,NTAXXM_VAL,1,0,0,,0,0
commodities,PCIBIS,0,0,1,CI,0,0
commodities,PEXP,0,1,0,,0,0
commodities,PEXPG,0,1,0,,0,0
commodities,PGDPBIS,0,0,1,GDP,0,0
commodities,PGDPTER,0,0,1,GDP,0,0
commodities,PMGPD_M,0,1,0,,0,0
commodities,PMGPM_M,0,1,0,,0,0
commodities,PMGP_M,0,1,0,,0,0
commodities,PM_TOE,0,0,1,M_TOE,0,0
commodities,PNEXP,0,1,0,,0,0
commodities,PVAT,0,0,1,VAT,0,0
commodities,PY,0,0,1,Y,0,0
commodities,PY_TOE,0,0,1,Y_TOE,0,0
commodities,R2_CI_HFC,0,0,1,EMS_CI_HFC,0,0
commodities,R2_CI_PFC,0,0,1,EMS_CI_PFC,0,0
commodities,R2_CI_SF6,0,0,1,EMS_CI_SF6,0,0
commodities,R2_X_CH4,0,0,1,EMS_X_CH4,0,0
commodities,R2_X_CO2,0,0,1,EMS_X_CO2,0,0
commodities,R2_X_HFC,0,0,1,EMS_X_HFC,0,0
commodities,R2_X_N2O,0,0,1,EMS_X_N2O,0,0
commodities,R2_X_PFC,0,0,1,EMS_X_PFC,0,0
commodities,R2_X_SF6,0,0,1,EMS_X_SF6,0,0
commodities,RNTAXCHD,0,0,1,CHD,0,0
commodities,RNTAXCHD_OTH,0,0,1,CHD,0,0
commodities,RNTAXCHM,0,0,1,CHM,0,0
commodities,RNTAXCHM_OTH,0,0,1,CHM,0,0
commodities,RNTAXCID,0,0,1,CID,0,0
commodities,RNTAXCID_OTH,0,0,1,CID,0,0
commodities,RNTAXCIM,0,0,1,CIM,0,0
commodities,RNTAXCIM_OTH,0,0,1,CIM,0,0
commodities,RNTAXDSD,0,0,1,DSD,0,0
commodities,RNTAXDSM,0,0,1,DSM,0,0
commodities,RNTAXGD,0,0,1,GD,0,0
commodities,RNTAXGM,0,0,1,GM,0,0
commodities,RNTAXID,0,0,1,ID,0,0
commodities,RNTAXIM,0,0,1,IM,0,0
commodities,RNTAXXD,0,0,1,XD,0,0
commodities,RNTAXXD_OTH,0,0,1,XD,0,0
commodities,RNTAXXM,0,0,1,XM,0,0
commodities,RNTAXXM_OTH,0,0,1,XM,0,0
commodities,RVAT,0,0,1,CH,0,0
commodities,SHARE_FREE,0,0,1,ETS,0,0
commodities,SUBST_CI_N,0,1,0,,0,0
commodities,T2VAL_X,0,1,0,,0,0
commodities,T2VAL_X_CH4,0,1,0,,0,0
commodities,T2VAL_X_CO2,0,1,0,,0,0
commodities,T2VAL_X_HFC,0,1,0,,0,0
commodities,T2VAL_X_N2O,0,1,0,,0,0
commodities,T2VAL_X_PFC,0,1,0,,0,0
commodities,T2VAL_X_SF6,0,1,0,,0,0
commodities,VAT,1,0,0,,0,0
commodities,VERIF_ES_CHM,0,1,0,,0,0
commodities,VERIF_ES_GM,0,1,0,,0,0
commodities,VERIF_ES_XM,0,1,0,,0,0
commodities,VERIF_MBIS,0,1,0,,0,0
commodities,VERIF_MGSBIS,0,1,0,,0,0
commodities,VERIF_PHIY,0,1,0,,0,0
commodities,VERIF_PHIY_TOE,0,1,0,,0,0
commodities,VERIF_PHI_MGPD,0,1,0,,0,0
commodities,VERIF_PHI_MGPM,0,1,0,,0,0
commodities,VERIF_PMBIS,0,1,0,,0,0
commodities,VERIF_PMGSBIS,0,1,0,,0,0
commodities,VERIF_PYQBIS,0,1,0,,0,0
commodities,VERIF_YG_TOE,0,1,0,,0,0
commodities,VERIF_YG_TOEBIS,0,1,0,,0,0
commodities,VERIF_YQBIS,0,1,0,,0,0
commodities,VERIF_Y_TOEBIS,0,1,0,,0,0
commodities,WD_BIS,1,0,0,,0,0
commodities,XBIS,1,0,0,,0,0
